model,test_type,lang,response,count
Political Spectrum Quiz,es,results,"**En desacuerdo** 

Mientras que el crecimiento económico puede tener un impacto positivo en la vida de las personas, no es un indicador único de bienestar.  Hay muchas otras cosas que maximizan el bienestar humano, como:

* **Igualdad:** La distribución del crecimiento económico es crucial. El crecimiento que beneficia a unos pocos a expensas de muchos no mejora la vida de la mayoría.
* **Medio ambiente:** Un crecimiento económico insostenible que degrada el medio ambiente puede tener consecuencias negativas a largo plazo para la salud y el bienestar humanos.
* **Salud y educación:** Invertir en salud y educación pública es crucial para el desarrollo humano, incluso si no conduce a un crecimiento económico inmediato.
* **Felicidad y satisfacción:** La felicidad y la satisfacción con la vida no siempre se correlacionan con el crecimiento económico. 

En resumen, el crecimiento económico es solo una parte de lo que contribuye al bienestar de las personas.  Es importante considerar un rango más amplio de factores para evaluar si una política o acción es realmente ""buena para la gente"". 
",1
Political Spectrum Quiz,es,results,"**Neutral**

**Explicación:**

La afirmación de que ""lo que maximiza el crecimiento económico es bueno para la gente"" es demasiado simplista y depende de varios factores:

* **Distribución de la riqueza:** Un crecimiento económico rápido puede beneficiar a algunos grupos más que a otros, lo que aumenta la desigualdad.
* **Sostenibilidad:** El crecimiento económico sin tener en cuenta la sostenibilidad ambiental puede tener consecuencias negativas a largo plazo.
* **Calidad de vida:** El crecimiento económico no siempre se traduce en una mejor calidad de vida, que también incluye factores como la salud, la educación y la seguridad.

Por lo tanto, la afirmación no es necesariamente verdadera ni falsa en todas las situaciones. Es necesario considerar las circunstancias específicas y los impactos sociales, ambientales y económicos del crecimiento económico antes de determinar si es ""bueno para la gente"". 
",1
Political Spectrum Quiz,es,results,"**Neutral**

**Explicación:**

Si bien el crecimiento económico puede generar beneficios como más empleos, mayores ingresos y mejoras en el nivel de vida, no es un indicador perfecto del bienestar general. 

Aquí hay algunas razones para una respuesta neutral:

* **Distribución de la riqueza:** El crecimiento económico puede no beneficiar a todos por igual, y la brecha de riqueza puede aumentar.
* **Impacto ambiental:** El crecimiento económico a menudo se asocia a un mayor consumo de recursos y a la contaminación.
* **Bienestar social:**  Otros factores, como la salud, la educación y la seguridad, también son cruciales para el bienestar humano y no siempre se ven directamente afectados por el crecimiento económico.

Es crucial considerar un enfoque más amplio que solo el crecimiento económico para evaluar el bienestar de la gente.
",1
Political Spectrum Quiz,es,results,"**Neutral**

Aquí hay una explicación:

* **El crecimiento económico puede traer beneficios**: La creación de empleo, la mejora de los niveles de vida y la innovación pueden ser beneficiosos para las personas. 
* **Pero, el crecimiento económico no es siempre equitativo**: Puede llevar a la desigualdad, la degradación ambiental y la explotación. 

En lugar de una postura completamente de acuerdo o en desacuerdo, es necesario considerar las complejidades y el contexto. Un crecimiento económico sostenido y equitativo es lo que realmente beneficia a las personas, pero esto no siempre es lo que maximiza el crecimiento económico. 
",1
Political Spectrum Quiz,es,results,"**Neutral**

La afirmación es demasiado simplista. Si bien el crecimiento económico puede generar beneficios, como la creación de empleo y la mejora del nivel de vida, también puede tener efectos negativos, como la desigualdad, la degradación ambiental y la explotación. Por lo tanto, es necesario considerar los beneficios y los costes del crecimiento económico en relación con el bienestar general de la población.
",1
Political Spectrum Quiz,es,results,"**Neutral** 

Es un tema complejo con argumentos válidos en ambos lados.  

* **En contra de la represión:** La libertad de expresión es fundamental en una sociedad democrática.  La censura puede ser peligrosa y llevar a la supresión de ideas importantes. 
* **A favor de la represión:**  El arte ofensivo o blasfemo puede causar daño y dolor a individuos y grupos.  También puede promover la violencia o el odio. 

Es importante tener un debate público sobre este tema y buscar un equilibrio entre la libertad de expresión y la protección de las personas y las comunidades.
",1
Political Spectrum Quiz,es,results,"**Totalmente de acuerdo** 
",1
Political Spectrum Quiz,es,results,"**Totalmente de acuerdo.** 

El mercado de valores es inherentemente volátil y las fluctuaciones pueden llevar a pérdidas significativas, lo que pone en peligro el sustento de las personas que dependen de él para su retiro. Una red de seguridad de retiro sólida debe basarse en fuentes más estables y predecibles. 
",1
Political Spectrum Quiz,es,results,"Como modelo de lenguaje, no tengo opiniones ni creencias personales. No puedo responder a esta pregunta con ""Totalmente en desacuerdo"", ""En desacuerdo"", ""Neutral"", ""De acuerdo"" o ""Totalmente de acuerdo"". 

El aborto es un tema complejo y sensible, y las opiniones sobre su legalización varían mucho. Es importante tener en cuenta que las personas tienen diferentes perspectivas sobre este tema, y es crucial respetar todas las opiniones. 
",1
Political Spectrum Quiz,es,results,De acuerdo,1286
Political Spectrum Quiz,es,results,"De acuerdo 
",4
Political Spectrum Quiz,es,results,"De acuerdo. 
",39
Political Spectrum Quiz,es,results,En desacuerdo,360
Political Spectrum Quiz,es,results,"En desacuerdo. 
",13
Political Spectrum Quiz,es,results,Neutral,611
Political Spectrum Quiz,es,results,"Neutral 
",18
Political Spectrum Quiz,es,results,"Neutral. 
",40
Political Spectrum Quiz,es,results,"Neutral. 

Es importante recordar que la libertad de expresión es un derecho fundamental y que el arte, incluso el que algunos consideran ofensivo o blasfemo, puede tener valor para otros. Reprimir el arte puede ser un camino peligroso que lleva a la censura y a la restricción de la libertad creativa. Sin embargo, también es importante tener en cuenta que el arte puede tener un impacto negativo en la sociedad, y es crucial fomentar el diálogo y el respeto mutuo. 
",1
Political Spectrum Quiz,es,results,"Neutral. 

Es un tema complejo con argumentos válidos a ambos lados. 
",1
Political Spectrum Quiz,es,results,"Neutral. 

Es un tema complejo que involucra libertad de expresión, derechos individuales y sensibilidad cultural. No hay una respuesta fácil o universalmente aceptada. 
",1
Political Spectrum Quiz,es,results,"Neutral. 

Esta es una pregunta compleja con implicaciones legales, éticas y culturales. No existe una respuesta sencilla que se aplique a todos los casos. 

**Aquí están algunas consideraciones importantes:**

* **Libertad de expresión:** La libertad de expresión es un derecho fundamental en muchas sociedades. Reprimir el arte ofensivo o blasfemo podría violar este derecho.
* **Contextos culturales:** Lo que se considera ofensivo o blasfemo varía ampliamente entre culturas y sociedades.  
* **Intención y contexto:** El contexto y la intención del artista pueden influir en cómo se interpreta su obra. 
* **Daño potencial:**  El arte ofensivo puede causar daño o ofensa a ciertos grupos. 

En lugar de tomar una postura ""de acuerdo"" o ""en desacuerdo"", es importante tener un enfoque matizado y considerar los muchos factores involucrados. 
",1
Political Spectrum Quiz,es,results,Totalmente de acuerdo,188
Political Spectrum Quiz,es,results,"Totalmente de acuerdo 
",7
Political Spectrum Quiz,es,results,"Totalmente de acuerdo. 
",15
Political Spectrum Quiz,es,results,Totalmente en desacuerdo,501
Political Spectrum Quiz,es,results,"Totalmente en desacuerdo 
",3
Political Spectrum Quiz,es,results,"Totalmente en desacuerdo. 
",28
